--
-- PostgreSQL database dump
--

\restrict GqTLuj2bLMPbVZtf9zXLrEGhDHUSf0ygIJyGyc9Hw7KODHSZm35AnNu2VkuPEeR

-- Dumped from database version 15.17 (Debian 15.17-1.pgdg13+1)
-- Dumped by pg_dump version 15.17 (Debian 15.17-1.pgdg13+1)

SET statement_timeout = 0;
SET lock_timeout = 0;
SET idle_in_transaction_session_timeout = 0;
SET client_encoding = 'UTF8';
SET standard_conforming_strings = on;
SELECT pg_catalog.set_config('search_path', '', false);
SET check_function_bodies = false;
SET xmloption = content;
SET client_min_messages = warning;
SET row_security = off;

--
-- Name: public; Type: SCHEMA; Schema: -; Owner: yapa
--

-- *not* creating schema, since initdb creates it


ALTER SCHEMA public OWNER TO yapa;

--
-- Name: SCHEMA public; Type: COMMENT; Schema: -; Owner: yapa
--

COMMENT ON SCHEMA public IS '';


SET default_tablespace = '';

SET default_table_access_method = heap;

--
-- Name: auth_group; Type: TABLE; Schema: public; Owner: yapa
--

CREATE TABLE public.auth_group (
    id integer NOT NULL,
    name character varying(150) NOT NULL
);


ALTER TABLE public.auth_group OWNER TO yapa;

--
-- Name: auth_group_id_seq; Type: SEQUENCE; Schema: public; Owner: yapa
--

ALTER TABLE public.auth_group ALTER COLUMN id ADD GENERATED BY DEFAULT AS IDENTITY (
    SEQUENCE NAME public.auth_group_id_seq
    START WITH 1
    INCREMENT BY 1
    NO MINVALUE
    NO MAXVALUE
    CACHE 1
);


--
-- Name: auth_group_permissions; Type: TABLE; Schema: public; Owner: yapa
--

CREATE TABLE public.auth_group_permissions (
    id bigint NOT NULL,
    group_id integer NOT NULL,
    permission_id integer NOT NULL
);


ALTER TABLE public.auth_group_permissions OWNER TO yapa;

--
-- Name: auth_group_permissions_id_seq; Type: SEQUENCE; Schema: public; Owner: yapa
--

ALTER TABLE public.auth_group_permissions ALTER COLUMN id ADD GENERATED BY DEFAULT AS IDENTITY (
    SEQUENCE NAME public.auth_group_permissions_id_seq
    START WITH 1
    INCREMENT BY 1
    NO MINVALUE
    NO MAXVALUE
    CACHE 1
);


--
-- Name: auth_permission; Type: TABLE; Schema: public; Owner: yapa
--

CREATE TABLE public.auth_permission (
    id integer NOT NULL,
    name character varying(255) NOT NULL,
    content_type_id integer NOT NULL,
    codename character varying(100) NOT NULL
);


ALTER TABLE public.auth_permission OWNER TO yapa;

--
-- Name: auth_permission_id_seq; Type: SEQUENCE; Schema: public; Owner: yapa
--

ALTER TABLE public.auth_permission ALTER COLUMN id ADD GENERATED BY DEFAULT AS IDENTITY (
    SEQUENCE NAME public.auth_permission_id_seq
    START WITH 1
    INCREMENT BY 1
    NO MINVALUE
    NO MAXVALUE
    CACHE 1
);


--
-- Name: auth_user; Type: TABLE; Schema: public; Owner: yapa
--

CREATE TABLE public.auth_user (
    id integer NOT NULL,
    password character varying(128) NOT NULL,
    last_login timestamp with time zone,
    is_superuser boolean NOT NULL,
    username character varying(150) NOT NULL,
    first_name character varying(150) NOT NULL,
    last_name character varying(150) NOT NULL,
    email character varying(254) NOT NULL,
    is_staff boolean NOT NULL,
    is_active boolean NOT NULL,
    date_joined timestamp with time zone NOT NULL
);


ALTER TABLE public.auth_user OWNER TO yapa;

--
-- Name: auth_user_groups; Type: TABLE; Schema: public; Owner: yapa
--

CREATE TABLE public.auth_user_groups (
    id bigint NOT NULL,
    user_id integer NOT NULL,
    group_id integer NOT NULL
);


ALTER TABLE public.auth_user_groups OWNER TO yapa;

--
-- Name: auth_user_groups_id_seq; Type: SEQUENCE; Schema: public; Owner: yapa
--

ALTER TABLE public.auth_user_groups ALTER COLUMN id ADD GENERATED BY DEFAULT AS IDENTITY (
    SEQUENCE NAME public.auth_user_groups_id_seq
    START WITH 1
    INCREMENT BY 1
    NO MINVALUE
    NO MAXVALUE
    CACHE 1
);


--
-- Name: auth_user_id_seq; Type: SEQUENCE; Schema: public; Owner: yapa
--

ALTER TABLE public.auth_user ALTER COLUMN id ADD GENERATED BY DEFAULT AS IDENTITY (
    SEQUENCE NAME public.auth_user_id_seq
    START WITH 1
    INCREMENT BY 1
    NO MINVALUE
    NO MAXVALUE
    CACHE 1
);


--
-- Name: auth_user_user_permissions; Type: TABLE; Schema: public; Owner: yapa
--

CREATE TABLE public.auth_user_user_permissions (
    id bigint NOT NULL,
    user_id integer NOT NULL,
    permission_id integer NOT NULL
);


ALTER TABLE public.auth_user_user_permissions OWNER TO yapa;

--
-- Name: auth_user_user_permissions_id_seq; Type: SEQUENCE; Schema: public; Owner: yapa
--

ALTER TABLE public.auth_user_user_permissions ALTER COLUMN id ADD GENERATED BY DEFAULT AS IDENTITY (
    SEQUENCE NAME public.auth_user_user_permissions_id_seq
    START WITH 1
    INCREMENT BY 1
    NO MINVALUE
    NO MAXVALUE
    CACHE 1
);


--
-- Name: django_admin_log; Type: TABLE; Schema: public; Owner: yapa
--

CREATE TABLE public.django_admin_log (
    id integer NOT NULL,
    action_time timestamp with time zone NOT NULL,
    object_id text,
    object_repr character varying(200) NOT NULL,
    action_flag smallint NOT NULL,
    change_message text NOT NULL,
    content_type_id integer,
    user_id integer NOT NULL,
    CONSTRAINT django_admin_log_action_flag_check CHECK ((action_flag >= 0))
);


ALTER TABLE public.django_admin_log OWNER TO yapa;

--
-- Name: django_admin_log_id_seq; Type: SEQUENCE; Schema: public; Owner: yapa
--

ALTER TABLE public.django_admin_log ALTER COLUMN id ADD GENERATED BY DEFAULT AS IDENTITY (
    SEQUENCE NAME public.django_admin_log_id_seq
    START WITH 1
    INCREMENT BY 1
    NO MINVALUE
    NO MAXVALUE
    CACHE 1
);


--
-- Name: django_content_type; Type: TABLE; Schema: public; Owner: yapa
--

CREATE TABLE public.django_content_type (
    id integer NOT NULL,
    app_label character varying(100) NOT NULL,
    model character varying(100) NOT NULL
);


ALTER TABLE public.django_content_type OWNER TO yapa;

--
-- Name: django_content_type_id_seq; Type: SEQUENCE; Schema: public; Owner: yapa
--

ALTER TABLE public.django_content_type ALTER COLUMN id ADD GENERATED BY DEFAULT AS IDENTITY (
    SEQUENCE NAME public.django_content_type_id_seq
    START WITH 1
    INCREMENT BY 1
    NO MINVALUE
    NO MAXVALUE
    CACHE 1
);


--
-- Name: django_migrations; Type: TABLE; Schema: public; Owner: yapa
--

CREATE TABLE public.django_migrations (
    id bigint NOT NULL,
    app character varying(255) NOT NULL,
    name character varying(255) NOT NULL,
    applied timestamp with time zone NOT NULL
);


ALTER TABLE public.django_migrations OWNER TO yapa;

--
-- Name: django_migrations_id_seq; Type: SEQUENCE; Schema: public; Owner: yapa
--

ALTER TABLE public.django_migrations ALTER COLUMN id ADD GENERATED BY DEFAULT AS IDENTITY (
    SEQUENCE NAME public.django_migrations_id_seq
    START WITH 1
    INCREMENT BY 1
    NO MINVALUE
    NO MAXVALUE
    CACHE 1
);


--
-- Name: django_session; Type: TABLE; Schema: public; Owner: yapa
--

CREATE TABLE public.django_session (
    session_key character varying(40) NOT NULL,
    session_data text NOT NULL,
    expire_date timestamp with time zone NOT NULL
);


ALTER TABLE public.django_session OWNER TO yapa;

--
-- Name: notes_note; Type: TABLE; Schema: public; Owner: yapa
--

CREATE TABLE public.notes_note (
    id bigint NOT NULL,
    name text NOT NULL,
    description text,
    priority character varying(10) NOT NULL,
    start_date date,
    end_date date,
    created_at timestamp with time zone NOT NULL,
    updated_at timestamp with time zone NOT NULL,
    owner_id integer NOT NULL,
    parent_id bigint,
    project_id bigint
);


ALTER TABLE public.notes_note OWNER TO yapa;

--
-- Name: notes_note_id_seq; Type: SEQUENCE; Schema: public; Owner: yapa
--

ALTER TABLE public.notes_note ALTER COLUMN id ADD GENERATED BY DEFAULT AS IDENTITY (
    SEQUENCE NAME public.notes_note_id_seq
    START WITH 1
    INCREMENT BY 1
    NO MINVALUE
    NO MAXVALUE
    CACHE 1
);


--
-- Name: notes_note_tags; Type: TABLE; Schema: public; Owner: yapa
--

CREATE TABLE public.notes_note_tags (
    id bigint NOT NULL,
    note_id bigint NOT NULL,
    tag_id bigint NOT NULL
);


ALTER TABLE public.notes_note_tags OWNER TO yapa;

--
-- Name: notes_note_tags_id_seq; Type: SEQUENCE; Schema: public; Owner: yapa
--

ALTER TABLE public.notes_note_tags ALTER COLUMN id ADD GENERATED BY DEFAULT AS IDENTITY (
    SEQUENCE NAME public.notes_note_tags_id_seq
    START WITH 1
    INCREMENT BY 1
    NO MINVALUE
    NO MAXVALUE
    CACHE 1
);


--
-- Name: notes_tag; Type: TABLE; Schema: public; Owner: yapa
--

CREATE TABLE public.notes_tag (
    id bigint NOT NULL,
    name character varying(50) NOT NULL,
    owner_id integer NOT NULL
);


ALTER TABLE public.notes_tag OWNER TO yapa;

--
-- Name: notes_tag_id_seq; Type: SEQUENCE; Schema: public; Owner: yapa
--

ALTER TABLE public.notes_tag ALTER COLUMN id ADD GENERATED BY DEFAULT AS IDENTITY (
    SEQUENCE NAME public.notes_tag_id_seq
    START WITH 1
    INCREMENT BY 1
    NO MINVALUE
    NO MAXVALUE
    CACHE 1
);


--
-- Name: projects_project; Type: TABLE; Schema: public; Owner: yapa
--

CREATE TABLE public.projects_project (
    id bigint NOT NULL,
    name text NOT NULL,
    description text,
    start_date date,
    end_date date,
    created_at timestamp with time zone NOT NULL,
    owner_id integer NOT NULL,
    priority character varying(10) NOT NULL
);


ALTER TABLE public.projects_project OWNER TO yapa;

--
-- Name: projects_project_id_seq; Type: SEQUENCE; Schema: public; Owner: yapa
--

ALTER TABLE public.projects_project ALTER COLUMN id ADD GENERATED BY DEFAULT AS IDENTITY (
    SEQUENCE NAME public.projects_project_id_seq
    START WITH 1
    INCREMENT BY 1
    NO MINVALUE
    NO MAXVALUE
    CACHE 1
);


--
-- Name: tasks_task; Type: TABLE; Schema: public; Owner: yapa
--

CREATE TABLE public.tasks_task (
    id bigint NOT NULL,
    name text NOT NULL,
    description text,
    priority character varying(10) NOT NULL,
    start_date date,
    end_date date,
    created_at timestamp with time zone NOT NULL,
    status character varying(20) NOT NULL,
    time_estimate integer NOT NULL,
    time_spent integer NOT NULL,
    updated_at timestamp with time zone NOT NULL,
    owner_id integer NOT NULL,
    parent_id bigint,
    project_id bigint,
    related_note_id bigint,
    CONSTRAINT tasks_task_time_estimate_check CHECK ((time_estimate >= 0)),
    CONSTRAINT tasks_task_time_spent_check CHECK ((time_spent >= 0))
);


ALTER TABLE public.tasks_task OWNER TO yapa;

--
-- Name: tasks_task_id_seq; Type: SEQUENCE; Schema: public; Owner: yapa
--

ALTER TABLE public.tasks_task ALTER COLUMN id ADD GENERATED BY DEFAULT AS IDENTITY (
    SEQUENCE NAME public.tasks_task_id_seq
    START WITH 1
    INCREMENT BY 1
    NO MINVALUE
    NO MAXVALUE
    CACHE 1
);


--
-- Data for Name: auth_group; Type: TABLE DATA; Schema: public; Owner: yapa
--

COPY public.auth_group (id, name) FROM stdin;
\.


--
-- Data for Name: auth_group_permissions; Type: TABLE DATA; Schema: public; Owner: yapa
--

COPY public.auth_group_permissions (id, group_id, permission_id) FROM stdin;
\.


--
-- Data for Name: auth_permission; Type: TABLE DATA; Schema: public; Owner: yapa
--

COPY public.auth_permission (id, name, content_type_id, codename) FROM stdin;
1	Can add log entry	1	add_logentry
2	Can change log entry	1	change_logentry
3	Can delete log entry	1	delete_logentry
4	Can view log entry	1	view_logentry
5	Can add permission	2	add_permission
6	Can change permission	2	change_permission
7	Can delete permission	2	delete_permission
8	Can view permission	2	view_permission
9	Can add group	3	add_group
10	Can change group	3	change_group
11	Can delete group	3	delete_group
12	Can view group	3	view_group
13	Can add user	4	add_user
14	Can change user	4	change_user
15	Can delete user	4	delete_user
16	Can view user	4	view_user
17	Can add content type	5	add_contenttype
18	Can change content type	5	change_contenttype
19	Can delete content type	5	delete_contenttype
20	Can view content type	5	view_contenttype
21	Can add session	6	add_session
22	Can change session	6	change_session
23	Can delete session	6	delete_session
24	Can view session	6	view_session
25	Can add project	7	add_project
26	Can change project	7	change_project
27	Can delete project	7	delete_project
28	Can view project	7	view_project
29	Can add task	8	add_task
30	Can change task	8	change_task
31	Can delete task	8	delete_task
32	Can view task	8	view_task
33	Can add tag	9	add_tag
34	Can change tag	9	change_tag
35	Can delete tag	9	delete_tag
36	Can view tag	9	view_tag
37	Can add note	10	add_note
38	Can change note	10	change_note
39	Can delete note	10	delete_note
40	Can view note	10	view_note
\.


--
-- Data for Name: auth_user; Type: TABLE DATA; Schema: public; Owner: yapa
--

COPY public.auth_user (id, password, last_login, is_superuser, username, first_name, last_name, email, is_staff, is_active, date_joined) FROM stdin;
1	pbkdf2_sha256$720000$qCUP4UVeaOUSqoAPNzpSwe$PU9CthzeBiisOpkFaSp+Twh7K+C3NWkpMyXjBJWbksI=	2026-06-26 08:54:52.725879+00	f	soupy				f	t	2026-06-26 08:54:52.400569+00
\.


--
-- Data for Name: auth_user_groups; Type: TABLE DATA; Schema: public; Owner: yapa
--

COPY public.auth_user_groups (id, user_id, group_id) FROM stdin;
\.


--
-- Data for Name: auth_user_user_permissions; Type: TABLE DATA; Schema: public; Owner: yapa
--

COPY public.auth_user_user_permissions (id, user_id, permission_id) FROM stdin;
\.


--
-- Data for Name: django_admin_log; Type: TABLE DATA; Schema: public; Owner: yapa
--

COPY public.django_admin_log (id, action_time, object_id, object_repr, action_flag, change_message, content_type_id, user_id) FROM stdin;
\.


--
-- Data for Name: django_content_type; Type: TABLE DATA; Schema: public; Owner: yapa
--

COPY public.django_content_type (id, app_label, model) FROM stdin;
1	admin	logentry
2	auth	permission
3	auth	group
4	auth	user
5	contenttypes	contenttype
6	sessions	session
7	projects	project
8	tasks	task
9	notes	tag
10	notes	note
\.


--
-- Data for Name: django_migrations; Type: TABLE DATA; Schema: public; Owner: yapa
--

COPY public.django_migrations (id, app, name, applied) FROM stdin;
1	contenttypes	0001_initial	2026-06-26 08:52:47.923812+00
2	auth	0001_initial	2026-06-26 08:52:47.986483+00
3	admin	0001_initial	2026-06-26 08:52:48.012806+00
4	admin	0002_logentry_remove_auto_add	2026-06-26 08:52:48.0249+00
5	admin	0003_logentry_add_action_flag_choices	2026-06-26 08:52:48.036982+00
6	contenttypes	0002_remove_content_type_name	2026-06-26 08:52:48.061286+00
7	auth	0002_alter_permission_name_max_length	2026-06-26 08:52:48.072252+00
8	auth	0003_alter_user_email_max_length	2026-06-26 08:52:48.082702+00
9	auth	0004_alter_user_username_opts	2026-06-26 08:52:48.091094+00
10	auth	0005_alter_user_last_login_null	2026-06-26 08:52:48.10221+00
11	auth	0006_require_contenttypes_0002	2026-06-26 08:52:48.105131+00
12	auth	0007_alter_validators_add_error_messages	2026-06-26 08:52:48.115744+00
13	auth	0008_alter_user_username_max_length	2026-06-26 08:52:48.130339+00
14	auth	0009_alter_user_last_name_max_length	2026-06-26 08:52:48.141053+00
15	auth	0010_alter_group_name_max_length	2026-06-26 08:52:48.152407+00
16	auth	0011_update_proxy_permissions	2026-06-26 08:52:48.161675+00
17	auth	0012_alter_user_first_name_max_length	2026-06-26 08:52:48.168371+00
18	sessions	0001_initial	2026-06-26 08:52:48.179599+00
19	projects	0001_initial	2026-06-26 08:57:40.402475+00
20	projects	0002_alter_project_options_project_priority_and_more	2026-06-26 17:39:46.698032+00
21	notes	0001_initial	2026-06-27 07:44:15.491125+00
22	tasks	0001_initial	2026-06-27 07:44:15.531481+00
23	notes	0002_alter_note_project	2026-06-28 19:35:04.685308+00
24	tasks	0002_alter_task_project	2026-06-28 19:56:04.968972+00
\.


--
-- Data for Name: django_session; Type: TABLE DATA; Schema: public; Owner: yapa
--

COPY public.django_session (session_key, session_data, expire_date) FROM stdin;
zoj7xehaqjadswfgte41i6k5wpn4qooc	.eJxVjEEOwiAQRe_C2hCgHUCX7j0DmYFBqgaS0q6Md7dNutDtf-_9twi4LiWsnecwJXERWpx-N8L45LqD9MB6bzK2uswTyV2RB-3y1hK_rof7d1Cwl63OrK0DAqOUAfRI5M3ZW0YLOmsEYKLR2pydG4cMgzas7KYZh5GBWHy-2Zg3_Q:1wdxIQ:eeWpx4Oq_ZvncbG0065n5QBU3wX2F2QV79GyA7fbktw	2026-07-12 21:44:10.941259+00
\.


--
-- Data for Name: notes_note; Type: TABLE DATA; Schema: public; Owner: yapa
--

COPY public.notes_note (id, name, description, priority, start_date, end_date, created_at, updated_at, owner_id, parent_id, project_id) FROM stdin;
2	gAAAAABqQOn_92JJ3ZlreOQBJ_YrRQLtvujVQnYy4tutlIKQlLhRIdq5TdoTEVJbkfdTZFnjFn_DA8UE6JEUPCgrGzRaIT1MpQ==	gAAAAABqQOn__arkOqv0yYz3a5xrLZFJ5-32sQLT1G0Tv6HGYckqLuFOKC21kbgc2M5PZdYh7OaS0QtyLodGlec79NiMxAX5eQ==	LOW	\N	\N	2026-06-28 09:31:43.418104+00	2026-06-28 09:31:43.418136+00	1	\N	4
5	gAAAAABqQVo19CR7kSWOhOhqkdmXBJyASdJbovAM83XQhPaAY2OMKs6FP7T5nDMP7vH5SYJdTQBJyWJDu4sO-z98Y8ez8sj0Lg==		MEDIUM	\N	\N	2026-06-28 17:30:29.262481+00	2026-06-28 17:30:29.262515+00	1	\N	4
6	gAAAAABqQX6ozkw5U4n1acscQPxO22wBsPle9Vs0yT5ASMuG9XOdsoCDLcxZbJxeWW4nxIea5tpQwAUytsStMC4TS0D8ZPCdmA==		MEDIUM	\N	\N	2026-06-28 20:06:00.75503+00	2026-06-28 20:06:00.755062+00	1	\N	\N
7	gAAAAABqQYh3ol9v9Q-JTFDmtcXdrETqJW9AwxZJuedkx0PzkEjJG-gdo6Bw_JCIZjefyK7mA8umvC9axQEz3T9iWK9iQcJ2Gg==		MEDIUM	\N	\N	2026-06-28 20:47:51.947379+00	2026-06-28 20:47:51.947404+00	1	\N	\N
\.


--
-- Data for Name: notes_note_tags; Type: TABLE DATA; Schema: public; Owner: yapa
--

COPY public.notes_note_tags (id, note_id, tag_id) FROM stdin;
3	2	3
4	2	4
\.


--
-- Data for Name: notes_tag; Type: TABLE DATA; Schema: public; Owner: yapa
--

COPY public.notes_tag (id, name, owner_id) FROM stdin;
1	wawa	1
2	wewa	1
3	qsfgbwg	1
4	qsgqfg	1
\.


--
-- Data for Name: projects_project; Type: TABLE DATA; Schema: public; Owner: yapa
--

COPY public.projects_project (id, name, description, start_date, end_date, created_at, owner_id, priority) FROM stdin;
4	gAAAAABqQEfuUvxN7L7ox52iihy8pppjMqjlwBbewNehx00nbBGck9lWe_2Z88cC8r0VtxWCHS_fokelj5CXejLv8Ty8kMRnZQ==		\N	\N	2026-06-27 22:00:14.817809+00	1	MEDIUM
\.


--
-- Data for Name: tasks_task; Type: TABLE DATA; Schema: public; Owner: yapa
--

COPY public.tasks_task (id, name, description, priority, start_date, end_date, created_at, status, time_estimate, time_spent, updated_at, owner_id, parent_id, project_id, related_note_id) FROM stdin;
6	gAAAAABqQX6gV2_ITUJ0PR-h8lXRhkToGNllthjhCuC1_kQb0IXBVEf_rnWBP3xqugZXShCrq9RSrb8rgluw6WujJhTLM9Ejig==		MEDIUM	\N	\N	2026-06-28 20:05:52.783568+00	TODO	0	0	2026-06-28 20:05:52.783655+00	1	\N	\N	\N
\.


--
-- Name: auth_group_id_seq; Type: SEQUENCE SET; Schema: public; Owner: yapa
--

SELECT pg_catalog.setval('public.auth_group_id_seq', 1, false);


--
-- Name: auth_group_permissions_id_seq; Type: SEQUENCE SET; Schema: public; Owner: yapa
--

SELECT pg_catalog.setval('public.auth_group_permissions_id_seq', 1, false);


--
-- Name: auth_permission_id_seq; Type: SEQUENCE SET; Schema: public; Owner: yapa
--

SELECT pg_catalog.setval('public.auth_permission_id_seq', 40, true);


--
-- Name: auth_user_groups_id_seq; Type: SEQUENCE SET; Schema: public; Owner: yapa
--

SELECT pg_catalog.setval('public.auth_user_groups_id_seq', 1, false);


--
-- Name: auth_user_id_seq; Type: SEQUENCE SET; Schema: public; Owner: yapa
--

SELECT pg_catalog.setval('public.auth_user_id_seq', 1, true);


--
-- Name: auth_user_user_permissions_id_seq; Type: SEQUENCE SET; Schema: public; Owner: yapa
--

SELECT pg_catalog.setval('public.auth_user_user_permissions_id_seq', 1, false);


--
-- Name: django_admin_log_id_seq; Type: SEQUENCE SET; Schema: public; Owner: yapa
--

SELECT pg_catalog.setval('public.django_admin_log_id_seq', 1, false);


--
-- Name: django_content_type_id_seq; Type: SEQUENCE SET; Schema: public; Owner: yapa
--

SELECT pg_catalog.setval('public.django_content_type_id_seq', 10, true);


--
-- Name: django_migrations_id_seq; Type: SEQUENCE SET; Schema: public; Owner: yapa
--

SELECT pg_catalog.setval('public.django_migrations_id_seq', 24, true);


--
-- Name: notes_note_id_seq; Type: SEQUENCE SET; Schema: public; Owner: yapa
--

SELECT pg_catalog.setval('public.notes_note_id_seq', 7, true);


--
-- Name: notes_note_tags_id_seq; Type: SEQUENCE SET; Schema: public; Owner: yapa
--

SELECT pg_catalog.setval('public.notes_note_tags_id_seq', 4, true);


--
-- Name: notes_tag_id_seq; Type: SEQUENCE SET; Schema: public; Owner: yapa
--

SELECT pg_catalog.setval('public.notes_tag_id_seq', 4, true);


--
-- Name: projects_project_id_seq; Type: SEQUENCE SET; Schema: public; Owner: yapa
--

SELECT pg_catalog.setval('public.projects_project_id_seq', 4, true);


--
-- Name: tasks_task_id_seq; Type: SEQUENCE SET; Schema: public; Owner: yapa
--

SELECT pg_catalog.setval('public.tasks_task_id_seq', 6, true);


--
-- Name: auth_group auth_group_name_key; Type: CONSTRAINT; Schema: public; Owner: yapa
--

ALTER TABLE ONLY public.auth_group
    ADD CONSTRAINT auth_group_name_key UNIQUE (name);


--
-- Name: auth_group_permissions auth_group_permissions_group_id_permission_id_0cd325b0_uniq; Type: CONSTRAINT; Schema: public; Owner: yapa
--

ALTER TABLE ONLY public.auth_group_permissions
    ADD CONSTRAINT auth_group_permissions_group_id_permission_id_0cd325b0_uniq UNIQUE (group_id, permission_id);


--
-- Name: auth_group_permissions auth_group_permissions_pkey; Type: CONSTRAINT; Schema: public; Owner: yapa
--

ALTER TABLE ONLY public.auth_group_permissions
    ADD CONSTRAINT auth_group_permissions_pkey PRIMARY KEY (id);


--
-- Name: auth_group auth_group_pkey; Type: CONSTRAINT; Schema: public; Owner: yapa
--

ALTER TABLE ONLY public.auth_group
    ADD CONSTRAINT auth_group_pkey PRIMARY KEY (id);


--
-- Name: auth_permission auth_permission_content_type_id_codename_01ab375a_uniq; Type: CONSTRAINT; Schema: public; Owner: yapa
--

ALTER TABLE ONLY public.auth_permission
    ADD CONSTRAINT auth_permission_content_type_id_codename_01ab375a_uniq UNIQUE (content_type_id, codename);


--
-- Name: auth_permission auth_permission_pkey; Type: CONSTRAINT; Schema: public; Owner: yapa
--

ALTER TABLE ONLY public.auth_permission
    ADD CONSTRAINT auth_permission_pkey PRIMARY KEY (id);


--
-- Name: auth_user_groups auth_user_groups_pkey; Type: CONSTRAINT; Schema: public; Owner: yapa
--

ALTER TABLE ONLY public.auth_user_groups
    ADD CONSTRAINT auth_user_groups_pkey PRIMARY KEY (id);


--
-- Name: auth_user_groups auth_user_groups_user_id_group_id_94350c0c_uniq; Type: CONSTRAINT; Schema: public; Owner: yapa
--

ALTER TABLE ONLY public.auth_user_groups
    ADD CONSTRAINT auth_user_groups_user_id_group_id_94350c0c_uniq UNIQUE (user_id, group_id);


--
-- Name: auth_user auth_user_pkey; Type: CONSTRAINT; Schema: public; Owner: yapa
--

ALTER TABLE ONLY public.auth_user
    ADD CONSTRAINT auth_user_pkey PRIMARY KEY (id);


--
-- Name: auth_user_user_permissions auth_user_user_permissions_pkey; Type: CONSTRAINT; Schema: public; Owner: yapa
--

ALTER TABLE ONLY public.auth_user_user_permissions
    ADD CONSTRAINT auth_user_user_permissions_pkey PRIMARY KEY (id);


--
-- Name: auth_user_user_permissions auth_user_user_permissions_user_id_permission_id_14a6b632_uniq; Type: CONSTRAINT; Schema: public; Owner: yapa
--

ALTER TABLE ONLY public.auth_user_user_permissions
    ADD CONSTRAINT auth_user_user_permissions_user_id_permission_id_14a6b632_uniq UNIQUE (user_id, permission_id);


--
-- Name: auth_user auth_user_username_key; Type: CONSTRAINT; Schema: public; Owner: yapa
--

ALTER TABLE ONLY public.auth_user
    ADD CONSTRAINT auth_user_username_key UNIQUE (username);


--
-- Name: django_admin_log django_admin_log_pkey; Type: CONSTRAINT; Schema: public; Owner: yapa
--

ALTER TABLE ONLY public.django_admin_log
    ADD CONSTRAINT django_admin_log_pkey PRIMARY KEY (id);


--
-- Name: django_content_type django_content_type_app_label_model_76bd3d3b_uniq; Type: CONSTRAINT; Schema: public; Owner: yapa
--

ALTER TABLE ONLY public.django_content_type
    ADD CONSTRAINT django_content_type_app_label_model_76bd3d3b_uniq UNIQUE (app_label, model);


--
-- Name: django_content_type django_content_type_pkey; Type: CONSTRAINT; Schema: public; Owner: yapa
--

ALTER TABLE ONLY public.django_content_type
    ADD CONSTRAINT django_content_type_pkey PRIMARY KEY (id);


--
-- Name: django_migrations django_migrations_pkey; Type: CONSTRAINT; Schema: public; Owner: yapa
--

ALTER TABLE ONLY public.django_migrations
    ADD CONSTRAINT django_migrations_pkey PRIMARY KEY (id);


--
-- Name: django_session django_session_pkey; Type: CONSTRAINT; Schema: public; Owner: yapa
--

ALTER TABLE ONLY public.django_session
    ADD CONSTRAINT django_session_pkey PRIMARY KEY (session_key);


--
-- Name: notes_note notes_note_pkey; Type: CONSTRAINT; Schema: public; Owner: yapa
--

ALTER TABLE ONLY public.notes_note
    ADD CONSTRAINT notes_note_pkey PRIMARY KEY (id);


--
-- Name: notes_note_tags notes_note_tags_note_id_tag_id_e85f93da_uniq; Type: CONSTRAINT; Schema: public; Owner: yapa
--

ALTER TABLE ONLY public.notes_note_tags
    ADD CONSTRAINT notes_note_tags_note_id_tag_id_e85f93da_uniq UNIQUE (note_id, tag_id);


--
-- Name: notes_note_tags notes_note_tags_pkey; Type: CONSTRAINT; Schema: public; Owner: yapa
--

ALTER TABLE ONLY public.notes_note_tags
    ADD CONSTRAINT notes_note_tags_pkey PRIMARY KEY (id);


--
-- Name: notes_tag notes_tag_pkey; Type: CONSTRAINT; Schema: public; Owner: yapa
--

ALTER TABLE ONLY public.notes_tag
    ADD CONSTRAINT notes_tag_pkey PRIMARY KEY (id);


--
-- Name: projects_project projects_project_pkey; Type: CONSTRAINT; Schema: public; Owner: yapa
--

ALTER TABLE ONLY public.projects_project
    ADD CONSTRAINT projects_project_pkey PRIMARY KEY (id);


--
-- Name: tasks_task tasks_task_pkey; Type: CONSTRAINT; Schema: public; Owner: yapa
--

ALTER TABLE ONLY public.tasks_task
    ADD CONSTRAINT tasks_task_pkey PRIMARY KEY (id);


--
-- Name: notes_tag unique_user_tag; Type: CONSTRAINT; Schema: public; Owner: yapa
--

ALTER TABLE ONLY public.notes_tag
    ADD CONSTRAINT unique_user_tag UNIQUE (name, owner_id);


--
-- Name: auth_group_name_a6ea08ec_like; Type: INDEX; Schema: public; Owner: yapa
--

CREATE INDEX auth_group_name_a6ea08ec_like ON public.auth_group USING btree (name varchar_pattern_ops);


--
-- Name: auth_group_permissions_group_id_b120cbf9; Type: INDEX; Schema: public; Owner: yapa
--

CREATE INDEX auth_group_permissions_group_id_b120cbf9 ON public.auth_group_permissions USING btree (group_id);


--
-- Name: auth_group_permissions_permission_id_84c5c92e; Type: INDEX; Schema: public; Owner: yapa
--

CREATE INDEX auth_group_permissions_permission_id_84c5c92e ON public.auth_group_permissions USING btree (permission_id);


--
-- Name: auth_permission_content_type_id_2f476e4b; Type: INDEX; Schema: public; Owner: yapa
--

CREATE INDEX auth_permission_content_type_id_2f476e4b ON public.auth_permission USING btree (content_type_id);


--
-- Name: auth_user_groups_group_id_97559544; Type: INDEX; Schema: public; Owner: yapa
--

CREATE INDEX auth_user_groups_group_id_97559544 ON public.auth_user_groups USING btree (group_id);


--
-- Name: auth_user_groups_user_id_6a12ed8b; Type: INDEX; Schema: public; Owner: yapa
--

CREATE INDEX auth_user_groups_user_id_6a12ed8b ON public.auth_user_groups USING btree (user_id);


--
-- Name: auth_user_user_permissions_permission_id_1fbb5f2c; Type: INDEX; Schema: public; Owner: yapa
--

CREATE INDEX auth_user_user_permissions_permission_id_1fbb5f2c ON public.auth_user_user_permissions USING btree (permission_id);


--
-- Name: auth_user_user_permissions_user_id_a95ead1b; Type: INDEX; Schema: public; Owner: yapa
--

CREATE INDEX auth_user_user_permissions_user_id_a95ead1b ON public.auth_user_user_permissions USING btree (user_id);


--
-- Name: auth_user_username_6821ab7c_like; Type: INDEX; Schema: public; Owner: yapa
--

CREATE INDEX auth_user_username_6821ab7c_like ON public.auth_user USING btree (username varchar_pattern_ops);


--
-- Name: django_admin_log_content_type_id_c4bce8eb; Type: INDEX; Schema: public; Owner: yapa
--

CREATE INDEX django_admin_log_content_type_id_c4bce8eb ON public.django_admin_log USING btree (content_type_id);


--
-- Name: django_admin_log_user_id_c564eba6; Type: INDEX; Schema: public; Owner: yapa
--

CREATE INDEX django_admin_log_user_id_c564eba6 ON public.django_admin_log USING btree (user_id);


--
-- Name: django_session_expire_date_a5c62663; Type: INDEX; Schema: public; Owner: yapa
--

CREATE INDEX django_session_expire_date_a5c62663 ON public.django_session USING btree (expire_date);


--
-- Name: django_session_session_key_c0390e0f_like; Type: INDEX; Schema: public; Owner: yapa
--

CREATE INDEX django_session_session_key_c0390e0f_like ON public.django_session USING btree (session_key varchar_pattern_ops);


--
-- Name: notes_note_owner_id_8dafc06d; Type: INDEX; Schema: public; Owner: yapa
--

CREATE INDEX notes_note_owner_id_8dafc06d ON public.notes_note USING btree (owner_id);


--
-- Name: notes_note_parent_id_9651502b; Type: INDEX; Schema: public; Owner: yapa
--

CREATE INDEX notes_note_parent_id_9651502b ON public.notes_note USING btree (parent_id);


--
-- Name: notes_note_project_id_c6901e9c; Type: INDEX; Schema: public; Owner: yapa
--

CREATE INDEX notes_note_project_id_c6901e9c ON public.notes_note USING btree (project_id);


--
-- Name: notes_note_tags_note_id_3c701a99; Type: INDEX; Schema: public; Owner: yapa
--

CREATE INDEX notes_note_tags_note_id_3c701a99 ON public.notes_note_tags USING btree (note_id);


--
-- Name: notes_note_tags_tag_id_e3814610; Type: INDEX; Schema: public; Owner: yapa
--

CREATE INDEX notes_note_tags_tag_id_e3814610 ON public.notes_note_tags USING btree (tag_id);


--
-- Name: notes_tag_owner_id_0bdf5bee; Type: INDEX; Schema: public; Owner: yapa
--

CREATE INDEX notes_tag_owner_id_0bdf5bee ON public.notes_tag USING btree (owner_id);


--
-- Name: projects_project_owner_id_b940de39; Type: INDEX; Schema: public; Owner: yapa
--

CREATE INDEX projects_project_owner_id_b940de39 ON public.projects_project USING btree (owner_id);


--
-- Name: tasks_task_owner_id_db3dcc3e; Type: INDEX; Schema: public; Owner: yapa
--

CREATE INDEX tasks_task_owner_id_db3dcc3e ON public.tasks_task USING btree (owner_id);


--
-- Name: tasks_task_parent_id_ee6a2001; Type: INDEX; Schema: public; Owner: yapa
--

CREATE INDEX tasks_task_parent_id_ee6a2001 ON public.tasks_task USING btree (parent_id);


--
-- Name: tasks_task_project_id_a2815f0c; Type: INDEX; Schema: public; Owner: yapa
--

CREATE INDEX tasks_task_project_id_a2815f0c ON public.tasks_task USING btree (project_id);


--
-- Name: tasks_task_related_note_id_1850b834; Type: INDEX; Schema: public; Owner: yapa
--

CREATE INDEX tasks_task_related_note_id_1850b834 ON public.tasks_task USING btree (related_note_id);


--
-- Name: auth_group_permissions auth_group_permissio_permission_id_84c5c92e_fk_auth_perm; Type: FK CONSTRAINT; Schema: public; Owner: yapa
--

ALTER TABLE ONLY public.auth_group_permissions
    ADD CONSTRAINT auth_group_permissio_permission_id_84c5c92e_fk_auth_perm FOREIGN KEY (permission_id) REFERENCES public.auth_permission(id) DEFERRABLE INITIALLY DEFERRED;


--
-- Name: auth_group_permissions auth_group_permissions_group_id_b120cbf9_fk_auth_group_id; Type: FK CONSTRAINT; Schema: public; Owner: yapa
--

ALTER TABLE ONLY public.auth_group_permissions
    ADD CONSTRAINT auth_group_permissions_group_id_b120cbf9_fk_auth_group_id FOREIGN KEY (group_id) REFERENCES public.auth_group(id) DEFERRABLE INITIALLY DEFERRED;


--
-- Name: auth_permission auth_permission_content_type_id_2f476e4b_fk_django_co; Type: FK CONSTRAINT; Schema: public; Owner: yapa
--

ALTER TABLE ONLY public.auth_permission
    ADD CONSTRAINT auth_permission_content_type_id_2f476e4b_fk_django_co FOREIGN KEY (content_type_id) REFERENCES public.django_content_type(id) DEFERRABLE INITIALLY DEFERRED;


--
-- Name: auth_user_groups auth_user_groups_group_id_97559544_fk_auth_group_id; Type: FK CONSTRAINT; Schema: public; Owner: yapa
--

ALTER TABLE ONLY public.auth_user_groups
    ADD CONSTRAINT auth_user_groups_group_id_97559544_fk_auth_group_id FOREIGN KEY (group_id) REFERENCES public.auth_group(id) DEFERRABLE INITIALLY DEFERRED;


--
-- Name: auth_user_groups auth_user_groups_user_id_6a12ed8b_fk_auth_user_id; Type: FK CONSTRAINT; Schema: public; Owner: yapa
--

ALTER TABLE ONLY public.auth_user_groups
    ADD CONSTRAINT auth_user_groups_user_id_6a12ed8b_fk_auth_user_id FOREIGN KEY (user_id) REFERENCES public.auth_user(id) DEFERRABLE INITIALLY DEFERRED;


--
-- Name: auth_user_user_permissions auth_user_user_permi_permission_id_1fbb5f2c_fk_auth_perm; Type: FK CONSTRAINT; Schema: public; Owner: yapa
--

ALTER TABLE ONLY public.auth_user_user_permissions
    ADD CONSTRAINT auth_user_user_permi_permission_id_1fbb5f2c_fk_auth_perm FOREIGN KEY (permission_id) REFERENCES public.auth_permission(id) DEFERRABLE INITIALLY DEFERRED;


--
-- Name: auth_user_user_permissions auth_user_user_permissions_user_id_a95ead1b_fk_auth_user_id; Type: FK CONSTRAINT; Schema: public; Owner: yapa
--

ALTER TABLE ONLY public.auth_user_user_permissions
    ADD CONSTRAINT auth_user_user_permissions_user_id_a95ead1b_fk_auth_user_id FOREIGN KEY (user_id) REFERENCES public.auth_user(id) DEFERRABLE INITIALLY DEFERRED;


--
-- Name: django_admin_log django_admin_log_content_type_id_c4bce8eb_fk_django_co; Type: FK CONSTRAINT; Schema: public; Owner: yapa
--

ALTER TABLE ONLY public.django_admin_log
    ADD CONSTRAINT django_admin_log_content_type_id_c4bce8eb_fk_django_co FOREIGN KEY (content_type_id) REFERENCES public.django_content_type(id) DEFERRABLE INITIALLY DEFERRED;


--
-- Name: django_admin_log django_admin_log_user_id_c564eba6_fk_auth_user_id; Type: FK CONSTRAINT; Schema: public; Owner: yapa
--

ALTER TABLE ONLY public.django_admin_log
    ADD CONSTRAINT django_admin_log_user_id_c564eba6_fk_auth_user_id FOREIGN KEY (user_id) REFERENCES public.auth_user(id) DEFERRABLE INITIALLY DEFERRED;


--
-- Name: notes_note notes_note_owner_id_8dafc06d_fk_auth_user_id; Type: FK CONSTRAINT; Schema: public; Owner: yapa
--

ALTER TABLE ONLY public.notes_note
    ADD CONSTRAINT notes_note_owner_id_8dafc06d_fk_auth_user_id FOREIGN KEY (owner_id) REFERENCES public.auth_user(id) DEFERRABLE INITIALLY DEFERRED;


--
-- Name: notes_note notes_note_parent_id_9651502b_fk_notes_note_id; Type: FK CONSTRAINT; Schema: public; Owner: yapa
--

ALTER TABLE ONLY public.notes_note
    ADD CONSTRAINT notes_note_parent_id_9651502b_fk_notes_note_id FOREIGN KEY (parent_id) REFERENCES public.notes_note(id) DEFERRABLE INITIALLY DEFERRED;


--
-- Name: notes_note notes_note_project_id_c6901e9c_fk_projects_project_id; Type: FK CONSTRAINT; Schema: public; Owner: yapa
--

ALTER TABLE ONLY public.notes_note
    ADD CONSTRAINT notes_note_project_id_c6901e9c_fk_projects_project_id FOREIGN KEY (project_id) REFERENCES public.projects_project(id) DEFERRABLE INITIALLY DEFERRED;


--
-- Name: notes_note_tags notes_note_tags_note_id_3c701a99_fk_notes_note_id; Type: FK CONSTRAINT; Schema: public; Owner: yapa
--

ALTER TABLE ONLY public.notes_note_tags
    ADD CONSTRAINT notes_note_tags_note_id_3c701a99_fk_notes_note_id FOREIGN KEY (note_id) REFERENCES public.notes_note(id) DEFERRABLE INITIALLY DEFERRED;


--
-- Name: notes_note_tags notes_note_tags_tag_id_e3814610_fk_notes_tag_id; Type: FK CONSTRAINT; Schema: public; Owner: yapa
--

ALTER TABLE ONLY public.notes_note_tags
    ADD CONSTRAINT notes_note_tags_tag_id_e3814610_fk_notes_tag_id FOREIGN KEY (tag_id) REFERENCES public.notes_tag(id) DEFERRABLE INITIALLY DEFERRED;


--
-- Name: notes_tag notes_tag_owner_id_0bdf5bee_fk_auth_user_id; Type: FK CONSTRAINT; Schema: public; Owner: yapa
--

ALTER TABLE ONLY public.notes_tag
    ADD CONSTRAINT notes_tag_owner_id_0bdf5bee_fk_auth_user_id FOREIGN KEY (owner_id) REFERENCES public.auth_user(id) DEFERRABLE INITIALLY DEFERRED;


--
-- Name: projects_project projects_project_owner_id_b940de39_fk_auth_user_id; Type: FK CONSTRAINT; Schema: public; Owner: yapa
--

ALTER TABLE ONLY public.projects_project
    ADD CONSTRAINT projects_project_owner_id_b940de39_fk_auth_user_id FOREIGN KEY (owner_id) REFERENCES public.auth_user(id) DEFERRABLE INITIALLY DEFERRED;


--
-- Name: tasks_task tasks_task_owner_id_db3dcc3e_fk_auth_user_id; Type: FK CONSTRAINT; Schema: public; Owner: yapa
--

ALTER TABLE ONLY public.tasks_task
    ADD CONSTRAINT tasks_task_owner_id_db3dcc3e_fk_auth_user_id FOREIGN KEY (owner_id) REFERENCES public.auth_user(id) DEFERRABLE INITIALLY DEFERRED;


--
-- Name: tasks_task tasks_task_parent_id_ee6a2001_fk_tasks_task_id; Type: FK CONSTRAINT; Schema: public; Owner: yapa
--

ALTER TABLE ONLY public.tasks_task
    ADD CONSTRAINT tasks_task_parent_id_ee6a2001_fk_tasks_task_id FOREIGN KEY (parent_id) REFERENCES public.tasks_task(id) DEFERRABLE INITIALLY DEFERRED;


--
-- Name: tasks_task tasks_task_project_id_a2815f0c_fk_projects_project_id; Type: FK CONSTRAINT; Schema: public; Owner: yapa
--

ALTER TABLE ONLY public.tasks_task
    ADD CONSTRAINT tasks_task_project_id_a2815f0c_fk_projects_project_id FOREIGN KEY (project_id) REFERENCES public.projects_project(id) DEFERRABLE INITIALLY DEFERRED;


--
-- Name: tasks_task tasks_task_related_note_id_1850b834_fk_notes_note_id; Type: FK CONSTRAINT; Schema: public; Owner: yapa
--

ALTER TABLE ONLY public.tasks_task
    ADD CONSTRAINT tasks_task_related_note_id_1850b834_fk_notes_note_id FOREIGN KEY (related_note_id) REFERENCES public.notes_note(id) DEFERRABLE INITIALLY DEFERRED;


--
-- Name: SCHEMA public; Type: ACL; Schema: -; Owner: yapa
--

REVOKE USAGE ON SCHEMA public FROM PUBLIC;


--
-- PostgreSQL database dump complete
--

\unrestrict GqTLuj2bLMPbVZtf9zXLrEGhDHUSf0ygIJyGyc9Hw7KODHSZm35AnNu2VkuPEeR

